Workbook

Sheet 원가계산서 
A1: 역촌동 36-9
A2: 비 목 | D2: 금 액 | E2: 구 성 내 역 | F2: 구성비(%) | G2: 전회까지기성 | H2: 금회기성 | I2: 기성누계 | J2: 기성잔액 | K2: 비 고 | L2: 적용
A3: 순공사원가 | B3: 자재비 | C3: 직접자재비 | D3: =+전체집계!F18 -> 5.4483916e+08
C4: 간접자재비
C5: 소 계 | D5: =SUM(D3:D4) -> 5.4483916e+08 | F5: =IF(D5>0,D5/D23,) -> 0.4656745
B6: 노무비 | C6: 직접노무비 | D6: =+전체집계!H18 -> 4.0008059e+08
C7: 간접노무비 | D7: =D6*L7 -> 20004029 | E7: ="직접노무비의 "&TEXT(L7,"#0.00%") -> 직접노무비의 5.00% | L7: 0.05
C8: 소계 | D8: =SUM(D6:D7) -> 4.2008462e+08 | F8: =IF(D8>0,D8/D23,) -> 0.35904668
B9: 경비 | C9: 운반비 | D9: =TRUNC(D5*L9) -> 0 | E9: ="자재비의 "&TEXT(L9,"#0.00%") -> 자재비의 0.00%
C10: 기계경비 | D10: =+전체집계!J18 -> 85645003
C11: 산재보험료 | D11: =TRUNC(D8*L11) -> 15963215 | E11: ="노무비의 "&TEXT(L11,"#0.00%") -> 노무비의 3.80% | L11: 0.038
C12: 고용보험료 | D12: =TRUNC(D8*L12) -> 3654736 | E12: ="노무비의 "&TEXT(L12,"#0.00%") -> 노무비의 0.87% | L12: 0.0087
C13: 건강보험료 | D13: =TRUNC(D6*L13) -> 12922603 | E13: ="직접노무비의 "&TEXT(L13,"#0.00%") -> 직접노무비의 3.23% | L13: 0.0323
C14: 연금보험료 | D14: =TRUNC(D6*L14) -> 18003626 | E14: ="직접노무비의 "&TEXT(L14,"#0.00%") -> 직접노무비의 4.50% | L14: 0.045
C15: 퇴직공제부금비 | E15: ="직접노무비의 "&TEXT(L15,"#0.00%") -> 직접노무비의 2.30% | K15: 100억 이상 | L15: 0.023 | N15: 73feel@naver.com
C16: 안전관리비 | D16: =(TRUNC((D5+D6)*L16)) -> 18614919 | L16: 0.0197
C17: 기타경비 | D17: =(D5+D8)*L17 -> 4824618.9 | E17: ="자재비+노무비의 "&TEXT(L17,"#0.00%")&"" -> 자재비+노무비의 0.50% | L17: 0.005
C18: 소계 | D18: =SUM(D9:D17) -> 1.5962872e+08 | F18: =IF(D18>0,D18/D23,) -> 0.1364348
B19: 합계 | D19: =D5+D8+D18 -> 1.1245525e+09 | F19: =F5+F8+F18 -> 0.96115598
A20: 간접공사비 | B20: 일반관리비 | D20: =TRUNC(D19*L20) -> 33736574 | E20: ="순공사비의 "&TEXT(L20,"#0.00%") -> 순공사비의 3.00% | F20: =IF(D20>0,D20/D23,) -> 0.028834679 | L20: 0.03
B21: 이윤 | D21: =TRUNC((D8+D18+D20)*L21)-558071 -> 11710927 | E21: ="노무비+경비+일반관리비의 "&TEXT(L21,"#0.00%") -> 노무비+경비+일반관리비의 2.00% | F21: =IF(D21>0,D21/D23,) -> 0.010009339 | L21: 0.02
B22: 소계 | D22: =SUM(D20:D21) -> 45447501 | F22: =SUM(F20:F21) -> 0.038844018
A23: 공사비 합계 | D23: =TRUNC(D22+D19)+E22 -> 1170000000 | F23: =(F5+F8+F18+F22) -> 1 | K23: 십만단위이하절사
A24: 부가세 | D24: =+D23*0.1 -> 117000000 | L24: 0.1
A25: 총공사비계 | D25: =+D24+D23 -> 1287000000 | E25: 부가세포함
D29: 610.41
D30: =+D29*0.3025 -> 184.64902
D31: =+D23/D30 -> 6336345.4
D32: =+D25/D30 -> 6969979.9

Sheet 전체집계
A1: 총 괄 집 계 표
A3: 품 명 | B3: 규 격 | C3: 단위 | D3: 수량 | E3: 재 료 비 | G3: 노 무 비 | I3: 경 비 | K3: 합 계 | M3: 비고
E4: 단가 | F4: 금액 | G4: 단가 | H4: 금액 | I4: 단가 | J4: 금액 | K4: 단가 | L4: 금액
A5: 01 건축공사 | C5: 식 | D5: 1 | F5: =+건축집계!F24 -> 4.1676975e+08 | H5: =+건축집계!H24 -> 2.9765779e+08 | J5: =+건축집계!J24 -> 85645003 | L5: =+J5+H5+F5 -> 8.0007255e+08
A6: 02 기계공사 | C6: 식 | D6: 1 | F6: =+설비집계표!F27 -> 94561172 | H6: =+설비집계표!H27 -> 62057095 | J6: =+설비집계표!K27 -> 0 | L6: =+J6+H6+F6 -> 156618267
A7: 03 전기공사 | C7: 식 | D7: 1 | F7: =+전기총괄표!F20 -> 33508237 | H7: =+전기총괄표!H20 -> 40365700 | J7: =+전기총괄표!J20 -> 0 | L7: =+J7+H7+F7 -> 73873937
L10: =+J10+H10+F10 -> 0
L11: =+J11+H11+F11 -> 0
L12: =+J12+H12+F12 -> 0
A18: [ 합 계 ] | F18: =SUM(F5:F7) -> 5.4483916e+08 | H18: =SUM(H5:H7) -> 4.0008059e+08 | J18: =SUM(J5:J7) -> 85645003 | L18: =SUM(L5:L7) -> 1.0305648e+09
A19: End Of File(Ver 6.0)
A20: 마지막열은 지우지 마시오

Sheet 건축집계
A1: 건 축 집 계 표
A2: =+전체집계!A2 -> 0
A3: 품 명 | B3: 규 격 | C3: 단위 | D3: 수량 | E3: 재 료 비 | G3: 노 무 비 | I3: 경 비 | K3: 합 계 | M3: 비고
E4: 단가 | F4: 금액 | G4: 단가 | H4: 금액 | I4: 단가 | J4: 금액 | K4: 단가 | L4: 금액
A5: 01. 건축공사 | N5: 0101
A6: =건축내역서!C4 -> 0101 가 설 공 사 | C6: 식 | D6: 1 | F6: =건축내역서!H51 -> 17202500 | H6: =건축내역서!J51 -> 22726800 | J6: =건축내역서!L51 -> 25236900 | L6: =+F6+H6+J6 -> 65166200 | N6: 010101
A7: =+건축내역서!C52 -> 0102 구조 보강 공사 (Dr. M PILE) | C7: 식 | D7: 1 | F7: =+건축내역서!H75 -> 23386000 | H7: =+건축내역서!J75 -> 30181600 | J7: =+건축내역서!L75 -> 23752800 | L7: =+F7+H7+J7 -> 77320400
A8: =+건축내역서!C76 -> 0103 철 근 콘 크 리 트 공 사 | C8: 식 | D8: 1 | F8: =+건축내역서!H123 -> 51439058 | H8: =+건축내역서!J123 -> 37710821 | J8: =+건축내역서!L123 -> 4717859.8 | L8: =+F8+H8+J8 -> 93867738 | N8: 010105
A9: =+건축내역서!C124 -> 0104 철 골 공 사 | C9: 식 | D9: 1 | F9: =+건축내역서!H195 -> 76415392 | H9: =+건축내역서!J195 -> 47736674 | J9: =+건축내역서!L195 -> 10750443 | L9: =+J9+H9+F9 -> 1.3490251e+08
A10: =건축내역서!C196 -> 0105 습식공사 (조적, 미장, 방, 타일) | C10: 식 | D10: 1 | F10: =건축내역서!H243 -> 19659600 | H10: =건축내역서!J243 -> 22843200 | J10: =건축내역서!L243 -> 0 | L10: =+F10+H10+J10 -> 42502800 | N10: 010108
A11: =+건축내역서!C244 -> 0106 석 공 사 | C11: 식 | D11: 1 | F11: =+건축내역서!H267 -> 43786600 | H11: =+건축내역서!J267 -> 36940900 | J11: =+건축내역서!L267 -> 12526000 | L11: =+F11+H11+J11 -> 93253500
A12: =+건축내역서!C268 -> 0107 금 속 공 사 | C12: 식 | D12: 1 | F12: =+건축내역서!H291 -> 42651900 | H12: =+건축내역서!J291 -> 31476100 | J12: =+건축내역서!L291 -> 1139700 | L12: =+F12+H12+J12 -> 75267700
A13: =+건축내역서!C292 -> 0108 창 호 공 사 | C13: 식 | D13: 1 | F13: =+건축내역서!H339 -> 43955400 | H13: =+건축내역서!J339 -> 9764000 | J13: =+건축내역서!L339 -> 2267700 | L13: =+F13+H13+J13 -> 55987100
A14: =+건축내역서!C340 -> 0109 유 리 공 사 | C14: 식 | D14: 1 | F14: =+건축내역서!H363 -> 26792300 | H14: =+건축내역서!J363 -> 17045700 | J14: =+건축내역서!L363 -> 2092700 | L14: =+F14+H14+J14 -> 45930700
A15: =+건축내역서!C364 -> 0110 수장, 도장 공사 | C15: 식 | D15: 1 | F15: =+건축내역서!H387 -> 23959700 | H15: =+건축내역서!J387 -> 34575500 | J15: =+건축내역서!L387 -> 816700 | L15: =+F15+H15+J15 -> 59351900
A16: =건축내역서!C388 -> 0111 부 대 토 목 공 사 | C16: 식 | D16: 1 | F16: =건축내역서!H411 -> 47521300 | H16: =건축내역서!J411 -> 6656500 | J16: =건축내역서!L411 -> 2344200 | L16: =+F16+H16+J16 -> 56522000
A24: [ 합 계 ] | F24: =SUM(F6:F23) -> 4.1676975e+08 | H24: =SUM(H6:H23) -> 2.9765779e+08 | J24: =SUM(J6:J23) -> 85645003 | L24: =F24+H24+J24 -> 8.0007255e+08
A25: End Of File(Ver 6.0)
A26: 마지막열은 지우지 마시오

Sheet 건축내역서
C1: =+전체집계!A2 -> 0
A2: 공종 | B2: 코드 | C2: 품 명 | D2: 규 격 | E2: 단위 | F2: 수 량 | G2: 재 료 비 | I2: 노 무 비 | K2: 경 비 | M2: 합 계 | O2: 비고
G3: 단가 | H3: 금 액 | I3: 단가 | J3: 금 액 | K3: 단가 | L3: 금 액 | M3: 단가 | N3: 금 액
C4: 0101 가 설 공 사
A5: 010101 | B5: 91AA0002 | C5: 콘테이너 가설건물 | D5: 3000*6000 | E5: EA | F5: 1 | H5: =F5*G5 -> 0 | J5: =F5*I5 -> 0 | K5: 2914100 | L5: =F5*K5 -> 2914100 | M5: =+G5+I5+K5 -> 2914100 | N5: =+H5+J5+L5 -> 2914100
C6: 장비사용료 | E6: 월 | F6: 6 | H6: =F6*G6 -> 0 | J6: =F6*I6 -> 0 | K6: 999100 | L6: =F6*K6 -> 5994600 | M6: =+G6+I6+K6 -> 999100 | N6: =+H6+J6+L6 -> 5994600
C7: 가설울타리/RPP방음벽 | D7: H 3.0 | E7: M2 | F7: 53 | G7: 15000 | H7: =F7*G7 -> 795000 | I7: 14600 | J7: =F7*I7 -> 773800 | K7: 5400 | L7: =F7*K7 -> 286200 | M7: =+G7+I7+K7 -> 35000 | N7: =+H7+J7+L7 -> 1855000
A8: 010101 | B8: 91BA0111 | C8: 경계 및 준공 측량비 | E8: 식 | F8: 1 | H8: =F8*G8 -> 0 | J8: =F8*I8 -> 0 | K8: 1248900 | L8: =F8*K8 -> 1248900 | M8: =+G8+I8+K8 -> 1248900 | N8: =+H8+J8+L8 -> 1248900
A9: 010101 | B9: 91BA0120 | C9: 가설전기 설치비 | E9: 식 | F9: 1 | H9: =F9*G9 -> 0 | J9: =F9*I9 -> 0 | K9: 1165700 | L9: =F9*K9 -> 1165700 | M9: =+G9+I9+K9 -> 1165700 | N9: =+H9+J9+L9 -> 1165700
A10: 010101 | B10: 91BA0111 | C10: 가설용수 설치비 | E10: 식 | F10: 1 | G10: 83300 | H10: =F10*G10 -> 83300 | I10: 333000 | J10: =F10*I10 -> 333000 | L10: =F10*K10 -> 0 | M10: =+G10+I10+K10 -> 416300 | N10: =+H10+J10+L10 -> 416300
A11: 010101 | B11: 91BA0120 | C11: 가설전기 사용료 | E11: 월 | F11: 6 | H11: =F11*G11 -> 0 | J11: =F11*I11 -> 0 | K11: 208200 | L11: =F11*K11 -> 1249200 | M11: =+G11+I11+K11 -> 208200 | N11: =+H11+J11+L11 -> 1249200
C12: 가설용수 사용료 | E12: 월 | F12: 6 | H12: =F12*G12 -> 0 | J12: =F12*I12 -> 0 | K12: 66600 | L12: =F12*K12 -> 399600 | M12: =+G12+I12+K12 -> 66600 | N12: =+H12+J12+L12 -> 399600
A13: 010101 | B13: 91BA0202 | C13: 잡자재 구입비 | E13: M2 | F13: 632 | G13: 3700 | H13: =F13*G13 -> 2338400 | J13: =F13*I13 -> 0 | L13: =F13*K13 -> 0 | M13: =+G13+I13+K13 -> 3700 | N13: =+H13+J13+L13 -> 2338400
A14: 010101 | B14: 91BA0210 | C14: 폐기물처리비 | E14: M2 | F14: 632 | H14: =F14*G14 -> 0 | J14: =F14*I14 -> 0 | K14: 3100 | L14: =F14*K14 -> 1959200 | M14: =+G14+I14+K14 -> 3100 | N14: =+H14+J14+L14 -> 1959200
C15: 우, 오수 CCTV | D15: 기존 침전물 제거 별도 | E15: 식 | F15: 1 | H15: =F15*G15 -> 0 | J15: =F15*I15 -> 0 | K15: 1248900 | L15: =F15*K15 -> 1248900 | M15: =+G15+I15+K15 -> 1248900 | N15: =+H15+J15+L15 -> 1248900
C16: 도로복구비 | D16: 공사용 진입도로(인도포함) | E16: 식 | F16: 1 | H16: =F16*G16 -> 0 | J16: =F16*I16 -> 0 | K16: 3247200 | L16: =F16*K16 -> 3247200 | M16: =+G16+I16+K16 -> 3247200 | N16: =+H16+J16+L16 -> 3247200
A17: 010101 | B17: 91BA0330 | C17: 현장정리비 | D17: 마감 | E17: M2 | F17: 632 | H17: =F17*G17 -> 0 | I17: 2300 | J17: =F17*I17 -> 1453600 | L17: =F17*K17 -> 0 | M17: =+G17+I17+K17 -> 2300 | N17: =+H17+J17+L17 -> 1453600
A18: 010101 | B18: 91BA0400 | C18: 이동식화장실 | E18: EA | F18: 1 | H18: =F18*G18 -> 0 | J18: =F18*I18 -> 0 | K18: 249800 | L18: =F18*K18 -> 249800 | M18: =+G18+I18+K18 -> 249800 | N18: =+H18+J18+L18 -> 249800
C19: 세륜시설 | E19: 식 | F19: 1 | H19: =F19*G19 -> 0 | J19: =F19*I19 -> 0 | K19: 1498700 | L19: =F19*K19 -> 1498700 | M19: =+G19+I19+K19 -> 1498700 | N19: =+H19+J19+L19 -> 1498700
C20: 준공청소비 | E20: M2 | F20: 632 | H20: =F20*G20 -> 0 | I20: 5400 | J20: =F20*I20 -> 3412800 | K20: 1200 | L20: =F20*K20 -> 758400 | M20: =+G20+I20+K20 -> 6600 | N20: =+H20+J20+L20 -> 4171200
C21: 수평규준틀 | E21: M2 | F21: 632 | G21: 1000 | H21: =F21*G21 -> 632000 | I21: 1500 | J21: =F21*I21 -> 948000 | L21: =F21*K21 -> 0 | M21: =+G21+I21+K21 -> 2500 | N21: =+H21+J21+L21 -> 1580000
C22: 먹매김 | E22: M2 | F22: 632 | G22: 1000 | H22: =F22*G22 -> 632000 | I22: 1500 | J22: =F22*I22 -> 948000 | L22: =F22*K22 -> 0 | M22: =+G22+I22+K22 -> 2500 | N22: =+H22+J22+L22 -> 1580000
C23: 조립말비계 | D23: 강관,6개월이하,1단 | E23: 조 | F23: 10 | G23: 45800 | H23: =F23*G23 -> 458000 | I23: 54100 | J23: =F23*I23 -> 541000 | L23: =F23*K23 -> 0 | M23: =+G23+I23+K23 -> 99900 | N23: =+H23+J23+L23 -> 999000
C24: 외부쌍줄비계 | D24: 외벽 발판두줄설치 | E24: M2 | F24: 1273 | G24: 7100 | H24: =F24*G24 -> 9038300 | I24: 7500 | J24: =F24*I24 -> 9547500 | K24: 800 | L24: =F24*K24 -> 1018400 | M24: =+G24+I24+K24 -> 15400 | N24: =+H24+J24+L24 -> 19604200
C25: 낙하물방지망 | E25: M2 | F25: 366 | G25: 2900 | H25: =F25*G25 -> 1061400 | I25: 2100 | J25: =F25*I25 -> 768600 | L25: =F25*K25 -> 0 | M25: =+G25+I25+K25 -> 5000 | N25: =+H25+J25+L25 -> 1830000
C26: 보호막설치 | D26: PE | E26: M2 | F26: 1273 | G26: 1700 | H26: =F26*G26 -> 2164100 | I26: 2100 | J26: =F26*I26 -> 2673300 | L26: =F26*K26 -> 0 | M26: =+G26+I26+K26 -> 3800 | N26: =+H26+J26+L26 -> 4837400
C27: 콘크리트면보양 | E27: M2 | F27: 632 | H27: =F27*G27 -> 0 | I27: 400 | J27: =F27*I27 -> 252800 | L27: =F27*K27 -> 0 | M27: =+G27+I27+K27 -> 400 | N27: =+H27+J27+L27 -> 252800
C28: 현장정리 | D28: 골조 | E28: M2 | F28: 632 | H28: =F28*G28 -> 0 | I28: 1700 | J28: =F28*I28 -> 1074400 | L28: =F28*K28 -> 0 | M28: =+G28+I28+K28 -> 1700 | N28: =+H28+J28+L28 -> 1074400
C29: 재해안전기술지도 | E29: EA | F29: 12 | H29: =F29*G29 -> 0 | K29: 166500 | L29: =F29*K29 -> 1998000 | M29: =+G29+I29+K29 -> 166500 | N29: =+H29+J29+L29 -> 1998000
L30: =F30*K30 -> 0 | M30: =+G30+I30+K30 -> 0 | N30: =+H30+J30+L30 -> 0
L31: =F31*K31 -> 0 | M31: =+G31+I31+K31 -> 0 | N31: =+H31+J31+L31 -> 0
C51: [ 합 계 ] | H51: =SUM(H5:H38) -> 17202500 | J51: =SUM(J5:J38) -> 22726800 | L51: =SUM(L5:L38) -> 25236900 | N51: =SUM(N5:N46) -> 65166200
C52: 0102 구조 보강 공사 (Dr. M PILE)
C53: 파일 코어천공 | E53: 개소 | F53: 44 | H53: =F53*G53 -> 0 | I53: 124900 | J53: =F53*I53 -> 5495600 | K53: 50000 | L53: =F53*K53 -> 2200000 | M53: =+G53+I53+K53 -> 174900 | N53: =+H53+J53+L53 -> 7695600
C54: Dr. HP PILE 설치 | E54: M | F54: 264 | G54: 50000 | H54: =F54*G54 -> 13200000 | I54: 25000 | J54: =F54*I54 -> 6600000 | K54: 16700 | L54: =F54*K54 -> 4408800 | M54: =+G54+I54+K54 -> 91700 | N54: =+H54+J54+L54 -> 24208800
C55: 영커 코어천공 및 설치 | E55: 개소 | F55: 44 | G55: 41600 | H55: =F55*G55 -> 1830400 | I55: 183200 | J55: =F55*I55 -> 8060800 | K55: 66600 | L55: =F55*K55 -> 2930400 | M55: =+G55+I55+K55 -> 291400 | N55: =+H55+J55+L55 -> 12821600
C56: 그라우팅 | D56: 속채움 | E56: M | F56: 264 | G56: 15000 | H56: =F56*G56 -> 3960000 | I56: 6700 | J56: =F56*I56 -> 1768800 | K56: 3300 | L56: =F56*K56 -> 871200 | M56: =+G56+I56+K56 -> 25000 | N56: =+H56+J56+L56 -> 6600000
C57: 정착판 설치 및 두부정리 | E57: 개소 | F57: 44 | G57: 99900 | H57: =F57*G57 -> 4395600 | I57: 74900 | J57: =F57*I57 -> 3295600 | K57: 16700 | L57: =F57*K57 -> 734800 | M57: =+G57+I57+K57 -> 191500 | N57: =+H57+J57+L57 -> 8426000
C58: 플랜트 설치 및 해체 | E58: 식 | F58: 1 | H58: =F58*G58 -> 0 | I58: 1665200 | J58: =F58*I58 -> 1665200 | K58: 6660900 | L58: =F58*K58 -> 6660900 | M58: =+G58+I58+K58 -> 8326100 | N58: =+H58+J58+L58 -> 8326100
C59: 압입장치 설치 및 해체 | E59: 식 | F59: 44 | H59: =F59*G59 -> 0 | I59: 74900 | J59: =F59*I59 -> 3295600 | K59: 50000 | L59: =F59*K59 -> 2200000 | M59: =+G59+I59+K59 -> 124900 | N59: =+H59+J59+L59 -> 5495600
C60: 운반비 및 경비 | E60: 식 | F60: 1 | H60: =F60*G60 -> 0 | K60: 3746700 | L60: =F60*K60 -> 3746700 | M60: =+G60+I60+K60 -> 3746700 | N60: =+H60+J60+L60 -> 3746700
C75: [ 합 계 ] | H75: =SUM(H53:H74) -> 23386000 | J75: =SUM(J53:J74) -> 30181600 | L75: =SUM(L53:L74) -> 23752800 | N75: =SUM(N53:N74) -> 77320400
C76: 0103 철 근 콘 크 리 트 공 사
A77: 010105 | B77: 91GA0112 | C77: 레미콘 | D77: 30MPa | E77: M3 | F77: 98 | G77: 97400 | H77: =F77*G77 -> 9545200 | J77: =F77*I77 -> 0 | L77: =F77*K77 -> 0 | M77: =+G77+I77+K77 -> 97400 | N77: =+H77+J77+L77 -> 9545200
C78: 레미콘 | D78: 모르터르 | E78: M3 | F78: 4 | G78: 90800 | H78: =F78*G78 -> 363200 | J78: =F78*I78 -> 0 | L78: =F78*K78 -> 0 | M78: =+G78+I78+K78 -> 90800 | N78: =+H78+J78+L78 -> 363200
C79: 레미콘 | D79: 무근 옥상, 주차장 24Mpa | E79: M3 | F79: 23 | G79: 81600 | H79: =F79*G79 -> 1876800 | M79: =+G79+I79+K79 -> 81600 | N79: =+H79+J79+L79 -> 1876800
C80: 이형철근 | D80: HD10 | E80: TON | F80: 5 | G80: 724400 | H80: =F80*G80 -> 3622000 | J80: =F80*I80 -> 0 | L80: =F80*K80 -> 0 | M80: =+G80+I80+K80 -> 724400 | N80: =+H80+J80+L80 -> 3622000
C81: 이형철근 | D81: HD13 | E81: TON | F81: 2 | G81: 716000 | H81: =F81*G81 -> 1432000 | J81: =F81*I81 -> 0 | L81: =F81*K81 -> 0 | M81: =+G81+I81+K81 -> 716000 | N81: =+H81+J81+L81 -> 1432000
C82: 이형철근 | D82: HD19 | E82: TON | F82: 2.5103925 | G82: 707700 | H82: =F82*G82 -> 1776604.8 | J82: =F82*I82 -> 0 | L82: =F82*K82 -> 0 | M82: =+G82+I82+K82 -> 707700 | N82: =+H82+J82+L82 -> 1776604.8
A83: 010105 | B83: 91GA0139 | C83: CEMICAL | D83: RE500 D10 | E83: EA | F83: 1314 | G83: 3200 | H83: =F83*G83 -> 4204800 | I83: 3700 | J83: =F83*I83 -> 4861800 | L83: =F83*K83 -> 0 | M83: =+G83+I83+K83 -> 6900 | N83: =+H83+J83+L83 -> 9066600
C84: CEMICAL | D84: RE500 D13 | E84: EA | F84: 127 | G84: 4000 | H84: =F84*G84 -> 508000 | I84: 4600 | J84: =F84*I84 -> 584200 | L84: =F84*K84 -> 0 | M84: =+G84+I84+K84 -> 8600 | N84: =+H84+J84+L84 -> 1092200
A85: 010105 | B85: 91GA0145 | C85: CEMICAL | D85: RE500 D19 | E85: EA | F85: 1391 | G85: 6200 | H85: =F85*G85 -> 8624200 | I85: 5800 | J85: =F85*I85 -> 8067800 | L85: =F85*K85 -> 0 | M85: =+G85+I85+K85 -> 12000 | N85: =+H85+J85+L85 -> 16692000
C86: 거푸집 설치 해체 | D86: 유로폼 | E86: M2 | F86: 171.255 | G86: 10000 | H86: =F86*G86 -> 1712550 | I86: 45800 | J86: =F86*I86 -> 7843479 | L86: =F86*K86 -> 0 | M86: =+G86+I86+K86 -> 55800 | N86: =+H86+J86+L86 -> 9556029
A87: 010105 | B87: 91GA0147 | C87: 거푸집 설치 해체 | D87: 합판거푸집 | E87: M3 | F87: 16.065 | G87: 15000 | H87: =F87*G87 -> 240975 | I87: 50000 | J87: =F87*I87 -> 803250 | L87: =F87*K87 -> 0 | M87: =+G87+I87+K87 -> 65000 | N87: =+H87+J87+L87 -> 1044225
C88: 표면처리 | D88: 치핑 | E88: M2 | F88: 83.79 | G88: 1200 | H88: =F88*G88 -> 100548 | I88: 6700 | J88: =F88*I88 -> 561393 | L88: =F88*K88 -> 0 | M88: =+G88+I88+K88 -> 7900 | N88: =+H88+J88+L88 -> 661941
A89: 010102 | B89: 91DA0250 | C89: 타설홀 | D89: 타설홀 | E89: EA | F89: 40 | G89: 4200 | H89: =F89*G89 -> 168000 | I89: 12500 | J89: =F89*I89 -> 500000 | L89: =F89*K89 -> 0 | M89: =+G89+I89+K89 -> 16700 | N89: =+H89+J89+L89 -> 668000
C90: 철근 가공 조립 | D90: 현장가공 | E90: TON | F90: =SUM(F80:F82) -> 9.5103925 | G90: 12500 | H90: =F90*G90 -> 118879.91 | I90: 433000 | J90: =TRUNC(F90*I90,0) -> 4117999 | K90: 25000 | L90: =F90*K90 -> 237759.81 | M90: =+G90+I90+K90 -> 470500 | N90: =+H90+J90+L90 -> 4474638.7
C91: 콘크리트 타설 | D91: 장비사용 타설 | E91: M3 | F91: =+F79+F78+F77 -> 125 | G91: 1000 | H91: =F91*G91 -> 125000 | I91: 7500 | J91: =TRUNC(F91*I91,0) -> 937500 | K91: 6200 | L91: =F91*K91 -> 775000 | M91: =+G91+I91+K91 -> 14700 | N91: =+H91+J91+L91 -> 1837500
C92: 소운반 | D92: 현장내 | E92: 인 | F92: 4 | H92: =F92*G92 -> 0 | I92: 141500 | J92: =TRUNC(F92*I92,0) -> 566000 | L92: =TRUNC(F92*K92,0) -> 0 | M92: =+G92+I92+K92 -> 141500 | N92: =+H92+J92+L92 -> 566000
C93: 장비대 | D93: 펌프카 | E93: 회 | F93: 5 | J93: =TRUNC(F93*I93,0) -> 0 | K93: 582800 | L93: =F93*K93 -> 2914000 | M93: =+G93+I93+K93 -> 582800 | N93: =+H93+J93+L93 -> 2914000
C94: 장비대 | D94: 포터블 | E94: 회 | F94: 3 | K94: 124900 | L94: =F94*K94 -> 374700 | M94: =+G94+I94+K94 -> 124900 | N94: =+H94+J94+L94 -> 374700
C95: 운반비 | E95: 회 | F95: 2 | K95: 208200 | L95: =F95*K95 -> 416400 | M95: =+G95+I95+K95 -> 208200 | N95: =+H95+J95+L95 -> 416400
C96: PF보드 | D96: T90,외부 벽체 | E96: M2 | F96: 823 | G96: 14200 | H96: =F96*G96 -> 11686600 | I96: 7500 | J96: =F96*I96 -> 6172500 | L96: =F96*K96 -> 0 | M96: =+G96+I96+K96 -> 21700 | N96: =+H96+J96+L96 -> 17859100
C97: PF보드 | D97: T50,1층 벽체 | E97: M2 | F97: 123 | G97: 9200 | H97: =F97*G97 -> 1131600 | I97: 6700 | J97: =F97*I97 -> 824100 | L97: =F97*K97 -> 0 | M97: =+G97+I97+K97 -> 15900 | N97: =+H97+J97+L97 -> 1955700
C98: PF보드 | D98: T100,주차장 천장 | E98: M2 | F98: 40 | G98: 15800 | H98: =F98*G98 -> 632000 | I98: 8300 | J98: =F98*I98 -> 332000 | L98: =F98*K98 -> 0 | M98: =+G98+I98+K98 -> 24100 | N98: =+H98+J98+L98 -> 964000
C99: 비드법보온판 2종1호 | D99: T40,실내 바닥 | E99: M2 | F99: 200 | G99: 2900 | H99: =F99*G99 -> 580000 | I99: 2900 | J99: =F99*I99 -> 580000 | L99: =F99*K99 -> 0 | M99: =+G99+I99+K99 -> 5800 | N99: =+H99+J99+L99 -> 1160000
C100: 우레탄뿜칠 | D100: H빔, 외벽접합부 충진 | E100: M2 | F100: 29 | G100: 8300 | H100: =F100*G100 -> 240700 | I100: 5800 | J100: =F100*I100 -> 168200 | L100: =F100*K100 -> 0 | M100: =+G100+I100+K100 -> 14100 | N100: =+H100+J100+L100 -> 408900
C101: 압출법보온판 | D101: T180,지붕 | E101: M2 | F101: 118 | G101: 23300 | H101: =F101*G101 -> 2749400 | I101: 6700 | J101: =F101*I101 -> 790600 | L101: =F101*K101 -> 0 | M101: =+G101+I101+K101 -> 30000 | N101: =+H101+J101+L101 -> 3540000
C123: [ 합 계 ] | H123: =SUM(H77:H122) -> 51439058 | J123: =SUM(J77:J122) -> 37710821 | L123: =SUM(L77:L122) -> 4717859.8 | M123: =K123+I123+G123 -> 0 | N123: =SUM(N77:N122) -> 93867738
C124: 0104 철 골 공 사
C125: H형강 SS275 | D125: H-200*100*5.5*8 | E125: TON | F125: 0.6297984 | G125: 1084100 | H125: =F125*G125 -> 682764.45 | J125: =TRUNC(F125*I125,0) -> 0 | L125: =F125*K125 -> 0 | M125: =+G125+I125+K125 -> 1084100 | N125: =+H125+J125+L125 -> 682764.45
C126: H형강 SS275 | D126: H-200*200*8*12 | E126: TON | F126: 0.52395 | G126: 1084100 | H126: =F126*G126 -> 568014.2 | J126: =TRUNC(F126*I126,0) -> 0 | L126: =F126*K126 -> 0 | M126: =+G126+I126+K126 -> 1084100 | N126: =+H126+J126+L126 -> 568014.2
C127: H형강 SS275 | D127: H-244*175*7*11 | E127: TON | F127: 1.0119958 | G127: 1084100 | H127: =F127*G127 -> 1097104.6 | J127: =TRUNC(F127*I127,0) -> 0 | L127: =F127*K127 -> 0 | M127: =+G127+I127+K127 -> 1084100 | N127: =+H127+J127+L127 -> 1097104.6
C128: H형강 SS275 | D128: H-250*125*6*9 | E128: TON | F128: 0.627816 | G128: 1084100 | H128: =F128*G128 -> 680615.33 | J128: =TRUNC(F128*I128,0) -> 0 | L128: =F128*K128 -> 0 | M128: =+G128+I128+K128 -> 1084100 | N128: =+H128+J128+L128 -> 680615.33
C129: H형강 SM355 | D129: H-250*250*9*14 | E129: TON | F129: 9.031176 | G129: 1145300 | H129: =F129*G129 -> 10343406 | J129: =TRUNC(F129*I129,0) -> 0 | L129: =F129*K129 -> 0 | M129: =+G129+I129+K129 -> 1145300 | N129: =+H129+J129+L129 -> 10343406
C130: H형강 SS275 | D130: H-294*200*8*12 | E130: TON | F130: 9.8593866 | G130: 1084100 | H130: =F130*G130 -> 10688561 | J130: =TRUNC(F130*I130,0) -> 0 | L130: =F130*K130 -> 0 | M130: =+G130+I130+K130 -> 1084100 | N130: =+H130+J130+L130 -> 10688561
C131: H형강 SS275 | D131: H-300*150*6.5*9 | E131: TON | F131: 3.1467681 | G131: 1084100 | H131: =F131*G131 -> 3411411.3 | J131: =TRUNC(F131*I131,0) -> 0 | L131: =F131*K131 -> 0 | M131: =+G131+I131+K131 -> 1084100 | N131: =+H131+J131+L131 -> 3411411.3
C132: H형강 SM355 | D132: H-300*300*10*15 | E132: TON | F132: 2.60568 | G132: 1145300 | H132: =F132*G132 -> 2984285.3 | J132: =TRUNC(F132*I132,0) -> 0 | L132: =F132*K132 -> 0 | M132: =+G132+I132+K132 -> 1145300 | N132: =+H132+J132+L132 -> 2984285.3
C133: L형강 | D133: L-75*75*6 | E133: TON | F133: 0.1435623 | G133: 1005400 | H133: =F133*G133 -> 144337.54 | J133: =TRUNC(F133*I133,0) -> 0 | L133: =F133*K133 -> 0 | M133: =+G133+I133+K133 -> 1005400 | N133: =+H133+J133+L133 -> 144337.54
C134: PL | D134: PL=9T | E134: TON | F134: 2.6666631 | G134: 918000 | H134: =F134*G134 -> 2447996.8 | J134: =TRUNC(F134*I134,0) -> 0 | L134: =F134*K134 -> 0 | M134: =+G134+I134+K134 -> 918000 | N134: =+H134+J134+L134 -> 2447996.8
C135: PL | D135: PL=12T | E135: TON | F135: 1.4831631 | G135: 918000 | H135: =F135*G135 -> 1361543.8 | J135: =TRUNC(F135*I135,0) -> 0 | L135: =F135*K135 -> 0 | M135: =+G135+I135+K135 -> 918000 | N135: =+H135+J135+L135 -> 1361543.8
C136: PL | D136: PL=14T | E136: TON | F136: 0.519939 | G136: 918000 | H136: =F136*G136 -> 477304 | J136: =TRUNC(F136*I136,0) -> 0 | L136: =F136*K136 -> 0 | M136: =+G136+I136+K136 -> 918000 | N136: =+H136+J136+L136 -> 477304
... C143: T.S BOLT | D143: M20(F10T) | E143: EA | F143: 4480 | G143: 700 | H143: =F143*G143 -> 3136000 | J143: =TRUNC(F143*I143,0) -> 0 | L143: =F143*K143 -> 0 | M143: =+G143+I143+K143 -> 700 | N143: =+H143+J143+L143 -> 3136000
C144: CHEMICAL | D144: RE500 + M20 | E144: EA | F144: 196 | G144: 12200 | H144: =F144*G144 -> 2391200 | I144: 16700 | J144: =TRUNC(F144*I144,0) -> 3273200 | L144: =F144*K144 -> 0 | M144: =+G144+I144+K144 -> 28900 | N144: =+H144+J144+L144 -> 5664400
C145: ANCHOR | D145: M12 | E145: EA | F145: 69 | G145: 500 | H145: =F145*G145 -> 34500 | I145: 1200 | J145: =TRUNC(F145*I145,0) -> 82800 | L145: =F145*K145 -> 0 | M145: =+G145+I145+K145 -> 1700 | N145: =+H145+J145+L145 -> 117300
C146: DECK PLATE | D146: D10 2-D8 T:150 | E146: M2 | F146: 283.29 | G146: 22700 | H146: =F146*G146 -> 6430683 | I146: 6700 | J146: =TRUNC(F146*I146,0) -> 1898043 | K146: 1300 | L146: =F146*K146 -> 368277 | M146: =+G146+I146+K146 -> 30700 | N146: =+H146+J146+L146 -> 8697003
C147: STUD BOLT | D147: Φ19 | E147: EA | F147: 1125 | G147: 500 | H147: =F147*G147 -> 562500 | I147: 700 | J147: =TRUNC(F147*I147,0) -> 787500 | L147: =F147*K147 -> 0 | M147: =+G147+I147+K147 -> 1200 | N147: =+H147+J147+L147 -> 1350000
C148: 표면처리 | D148: 그라인딩 | E148: M2 | F148: 8.134875 | H148: =F148*G148 -> 0 | I148: 12500 | J148: =TRUNC(F148*I148,0) -> 101685 | L148: =F148*K148 -> 0 | M148: =+G148+I148+K148 -> 12500 | N148: =+H148+J148+L148 -> 101685
C149: EPOXY | D149: AVG.10mm | E149: KG | F149: 55.5345 | G149: 7100 | H149: =F149*G149 -> 394294.95 | I149: 2100 | J149: =TRUNC(F149*I149,0) -> 116622 | L149: =F149*K149 -> 0 | M149: =+G149+I149+K149 -> 9200 | N149: =+H149+J149+L149 -> 510916.95
C150: 녹막이페인트 | D150: 광명단 | E150: M2 | F150: 769.81436 | G150: 2200 | H150: =F150*G150 -> 1693591.6 | I150: 1700 | J150: =TRUNC(F150*I150,0) -> 1308684 | K150: 400 | L150: =F150*K150 -> 307925.74 | M150: =+G150+I150+K150 -> 4300 | N150: =+H150+J150+L150 -> 3310201.3
C151: 내화페인트 | D151: 2시간 | E151: M2 | F151: 769.81436 | G151: 13100 | H151: =F151*G151 -> 10084568 | I151: 5000 | J151: =TRUNC(F151*I151,0) -> 3849071 | K151: 1700 | L151: =F151*K151 -> 1308684.4 | M151: =+G151+I151+K151 -> 19800 | N151: =+H151+J151+L151 -> 15242324
C152: 철골 철판 제작비 | D152: 보통구조 | E152: TON | F152: 36.812956 | H152: =F152*G152 -> 0 | I152: 287300 | J152: =TRUNC(F152*I152,0) -> 10576362 | L152: =F152*K152 -> 0 | M152: =+G152+I152+K152 -> 287300 | N152: =+H152+J152+L152 -> 10576362
C153: 철골 및 철판 설치비 | D153: 보통구조 (인력설치 포함) | E153: TON | F153: 36.812956 | H153: =F153*G153 -> 0 | I153: 249800 | J153: =TRUNC(F153*I153,0) -> 9195876 | L153: =F153*K153 -> 0 | M153: =+G153+I153+K153 -> 249800 | N153: =+H153+J153+L153 -> 9195876
C154: 소운반 | D154: 현장내 | E154: TON | F154: 36.812956 | H154: =F154*G154 -> 0 | I154: 18300 | J154: =TRUNC(F154*I154,0) -> 673677 | L154: =F154*K154 -> 0 | M154: =+G154+I154+K154 -> 18300 | N154: =+H154+J154+L154 -> 673677
C155: 장비대 | D155: 크레인 (철골용) | E155: 회 | F155: 2 | H155: =F155*G155 -> 0 | J155: =TRUNC(F155*I155,0) -> 0 | K155: 666100 | L155: =F155*K155 -> 1332200 | M155: =+G155+I155+K155 -> 666100 | N155: =+H155+J155+L155 -> 1332200
C156: 장비대 | D156: 크레인 (데크 양중용) | E156: 회 | F156: 2 | H156: =F156*G156 -> 0 | J156: =TRUNC(F156*I156,0) -> 0 | K156: 666100 | L156: =F156*K156 -> 1332200 | M156: =+G156+I156+K156 -> 666100 | N156: =+H156+J156+L156 -> 1332200
C157: 장비대 | D157: 지게차 | E157: 회 | F157: 3 | H157: =F157*G157 -> 0 | J157: =TRUNC(F157*I157,0) -> 0 | K157: 291400 | L157: =F157*K157 -> 874200 | M157: =+G157+I157+K157 -> 291400 | N157: =+H157+J157+L157 -> 874200
C158: 운반비 | E158: 회 | F158: 3 | H158: =F158*G158 -> 0 | J158: =TRUNC(F158*I158,0) -> 0 | K158: 374700 | L158: =F158*K158 -> 1124100 | M158: =+G158+I158+K158 -> 374700 | N158: =+H158+J158+L158 -> 1124100
C159: 철골계단 설치공사 | H159: =F159*G159 -> 0 | L159: =F159*K159 -> 0
C160: H형강 | D160: ㅁ-200*100*6 | E160: TON | F160: 0.28248 | G160: 1005400 | H160: =F160*G160 -> 284005.39 | J160: =I160*F160 -> 0 | L160: =F160*K160 -> 0 | M160: =G160+I160+K160 -> 1005400 | N160: =M160*F160 -> 284005.39
...

Sheet 설비집계표
A1: 기 계 설 비 공 사 집 계 표
A3: =설비내역서!A3 -> [공사명 : 은평구 역촌동 36-9번지 근생 증축 및 대수선공사중 기계설비공사]
A4: 품 명 | B4: 규 격 | C4: 단위 | D4: 수량 | E4: 재 료 비 | G4: 노 무 비 | I4: 경 비 | K4: 합 계 | M4: 비 고
E5: 단 가 | F5: 금 액 | G5: 단 가 | H5: 금 액 | I5: 단 가 | J5: 금 액 | K5: 단 가 | L5: 금 액
A6: 0201 기계설비공사 | F6: =SUM(F7:F14) -> 41228080 | H6: =SUM(H7:H14) -> 33881420 | J6: =SUM(J7:J27) -> 0 | L6: =SUM(L7:L14) -> 75109500
A7: =설비내역서!A6 -> 0201 장비설치공사 | F7: =설비내역서!F27 -> 5037662 | H7: =설비내역서!H27 -> 2027900 | J7: =설비내역서!J6 -> 0 | L7: =F7+H7+J7 -> 7065562
A8: =설비내역서!A28 -> 0202 위생기구설치공사 | F8: =설비내역서!F49 -> 6881425 | H8: =설비내역서!H49 -> 4217500 | J8: =설비내역서!J28 -> 0 | L8: =F8+H8+J8 -> 11098925
A9: =설비내역서!A50 -> 0203 급수급탕배관공사 | F9: =설비내역서!F115 -> 4825056 | H9: =설비내역서!H115 -> 7028520 | J9: =설비내역서!J50 -> 0 | L9: =F9+H9+J9 -> 11853576
A10: =설비내역서!A116 -> 0204 오배수 및 환기배관공사 | F10: =설비내역서!F181 -> 6438546 | H10: =설비내역서!H181 -> 7316450 | J10: =설비내역서!J116 -> 0 | L10: =F10+H10+J10 -> 13754996
A11: =설비내역서!A204 -> 0206 난방배관공사 | F11: =설비내역서!F225 -> 854263 | H11: =설비내역서!H225 -> 2906500 | L11: =F11+H11+J11 -> 3760763
A12: =+설비내역서!A182 -> 0205 가스배관공사 | F12: =+설비내역서!F181 -> 6438546 | H12: =+설비내역서!H181 -> 7316450 | L12: =F12+H12+J12 -> 13754996
A13: =+설비내역서!A226 -> 0207 EHP,ERV 공사 | F13: =+설비내역서!F269 -> 10752582 | H13: =+설비내역서!H269 -> 3068100 | L13: =F13+H13+J13 -> 13820682
A15: 0202 소방설비공사 | F15: =SUM(F16:F19) -> 53333092 | H15: =SUM(H16:H19) -> 28175675 | I15: =SUM(I16:I19) -> 0 | L15: =SUM(L16:L19) -> 81508767
A16: =설비내역서!A270 -> 0201 소화장비설치공사 | F16: =설비내역서!F291 -> 23168508 | H16: =설비내역서!H291 -> 2313600 | L16: =F16+H16+J16 -> 25482108
A17: =설비내역서!A292 -> 0202 소화기계실배관공사 | F17: =설비내역서!F357 -> 6554620 | H17: =설비내역서!H357 -> 5202775 | L17: =F17+H17+J17 -> 11757395
A18: =설비내역서!A358 -> 0203 옥내소화배관공사 | F18: =설비내역서!F445 -> 20928564 | H18: =설비내역서!H445 -> 19422000 | L18: =F18+H18+J18 -> 40350564
A19: =설비내역서!A446 -> 0205 내진설치공사 | F19: =설비내역서!F467 -> 2681400 | H19: =설비내역서!H467 -> 1237300 | L19: =F19+H19+J19 -> 3918700
A27: 합 계 | F27: =+F15+F6 -> 94561172 | H27: =+H15+H6 -> 62057095 | L27: =+L15+L6 -> 156618267

Sheet 설비내역서
A1: 기 계 설 비 공 사 내 역 서
A3: [공사명 : 은평구 역촌동 36-9번지 근생 증축 및 대수선공사중 기계설비공사]
A4: 품 명 | B4: 규 격 | C4: 단위 | D4: 수량 | E4: 재 료 비 | G4: 노 무 비 | I4: 경 비 | K4: 합 계 | M4: 비 고
E5: 단 가 | F5: 금 액 | G5: 단 가 | H5: 금 액 | I5: 단 가 | J5: 금 액 | K5: 단 가 | L5: 금 액
A6: 0201 장비설치공사
A7: 배수펌프(수중형) | B7: 100L*6M*0.5HP | C7: EA | D7: 2 | E7: 158200 | F7: =D7*E7 -> 316400 | K7: =E7+G7+I7 -> 158200 | L7: =F7+H7+J7 -> 316400
A8: 온수보일러(가스) | B8: 20,000kcal/h | C8: EA | D8: 2 | E8: 582800 | F8: =D8*E8 -> 1165600 | K8: =E8+G8+I8 -> 582800 | L8: =F8+H8+J8 -> 1165600
A9: 배기휀(천정형,저소음) | B9: 3.5CMMx3.5mmAqx30W | C9: EA | D9: 7 | E9: 50000 | F9: =D9*E9 -> 350000 | K9: =E9+G9+I9 -> 50000 | L9: =F9+H9+J9 -> 350000
A10: 배기휀(천정형,저소음) | B10: 2CMMx1.5KW | C10: EA | D10: 3 | E10: 201500 | F10: =D10*E10 -> 604500 | K10: =E10+G10+I10 -> 201500 | L10: =F10+H10+J10 -> 604500
A11: 배기휀(라인형) | B11: 23CMMx10mmAqx0.1KW | C11: EA | D11: 1 | E11: 366300 | F11: =D11*E11 -> 366300 | K11: =E11+G11+I11 -> 366300 | L11: =F11+H11+J11 -> 366300
A12: 전기온수기(벽부형) | B12: 2.0KW | C12: EA | D12: 7 | E12: 192300 | F12: =D12*E12 -> 1346100 | K12: =E12+G12+I12 -> 192300 | L12: =F12+H12+J12 -> 1346100
A13: 복사난방기(천정형) | B13: 374KCAL | C13: EA | D13: 7 | E13: 119100 | F13: =D13*E13 -> 833700 | G13: 27500 | H13: =G13*D13 -> 192500 | K13: =E13+G13+I13 -> 146600 | L13: =F13+H13+J13 -> 1026200
A14: 노무비 | B14: 기계설비공 | C14: 인 | D14: 6 | F14: =D14*E14 -> 0 | G14: 226200 | H14: =G14*D14 -> 1357200 | K14: =E14+G14+I14 -> 226200 | L14: =F14+H14+J14 -> 1357200
A15: 노무비 | B15: 보통인부 | C15: 인 | D15: 3 | F15: =D15*E15 -> 0 | G15: 159400 | H15: =G15*D15 -> 478200 | K15: =E15+G15+I15 -> 159400 | L15: =F15+H15+J15 -> 478200
A16: 공구손료 | B16: 노무비의3% | C16: 식 | D16: 1 | E16: =TRUNC(SUM(H14:H15)*0.03,0) -> 55062 | F16: =D16*E16 -> 55062 | K16: =E16+G16+I16 -> 55062 | L16: =F16+H16+J16 -> 55062
A27: 합 계 | F27: =SUM(F7:F26) -> 5037662 | H27: =SUM(H7:H26) -> 2027900 | L27: =SUM(L7:L26) -> 7065562
A28: 0202 위생기구설치공사
A29: 양변기(LT) | C29: EA | D29: 10 | E29: 325100 | F29: =D29*E29 -> 3251000 | G29: 73300 | H29: =D29*G29 -> 733000 | K29: =E29+G29+I29 -> 398400 | L29: =F29+H29+J29 -> 3984000
A30: 세면기 | C30: EA | D30: 10 | E30: 247300 | F30: =D30*E30 -> 2473000 | G30: 73300 | H30: =G30*D30 -> 733000 | K30: =E30+G30+I30 -> 320600 | L30: =F30+H30+J30 -> 3206000
A31: 샤워기 | C31: EA | D31: 1 | E31: 274800 | F31: =D31*E31 -> 274800 | G31: 7300 | H31: =D31*G31 -> 7300 | K31: =E31+G31+I31 -> 282100 | L31: =F31+H31+J31 -> 282100
A32: 욕조수전 & 줄샤워기 겸용 | C32: EA | D32: 1 | E32: 108200 | F32: =D32*E32 -> 108200 | G32: 36600 | H32: =D32*G32 -> 36600 | K32: =E32+G32+I32 -> 144800 | L32: =F32+H32+J32 -> 144800
A33: 청소용 부동수전 | C33: EA | D33: 1 | E33: 20800 | F33: =D33*E33 -> 20800 | G33: 18300 | H33: =D33*G33 -> 18300 | K33: =E33+G33+I33 -> 39100 | L33: =F33+H33+J33 -> 39100
A34: 세탁수전 & 청소수전 겸용 | C34: EA | D34: 2 | E34: 25000 | F34: =D34*E34 -> 50000 | G34: 18300 | H34: =D34*G34 -> 36600 | K34: =E34+G34+I34 -> 43300 | L34: =F34+H34+J34 -> 86600
A35: 씽크수전 | C35: EA | D35: 2 | E35: 45800 | F35: =D35*E35 -> 91600 | G35: 18300 | H35: =D35*G35 -> 36600 | K35: =E35+G35+I35 -> 64100 | L35: =F35+H35+J35 -> 128200
A36: 휴지걸이 | C36: EA | D36: 10 | E36: 34800 | F36: =D36*E36 -> 348000 | G36: 7400 | H36: =D36*G36 -> 74000 | K36: =E36+G36+I36 -> 42200 | L36: =F36+H36+J36 -> 422000
A37: 비누갑 | B37: STS | C37: EA | D37: 10 | E37: 10000 | F37: =D37*E37 -> 100000 | G37: 7300 | H37: =D37*G37 -> 73000 | K37: =E37+G37+I37 -> 17300 | L37: =F37+H37+J37 -> 173000
A38: 수건걸이 | B38: STS | C38: EA | D38: 3 | E38: 12500 | F38: =D38*E38 -> 37500 | G38: 7300 | H38: =D38*G38 -> 21900 | K38: =E38+G38+I38 -> 19800 | L38: =F38+H38+J38 -> 59400
A39: 노무비 | B39: 위생공 | C39: 인 | D39: 8 | F39: =D39*E39 -> 0 | G39: 226200 | H39: =D39*G39 -> 1809600 | K39: =E39+G39+I39 -> 226200 | L39: =F39+H39+J39 -> 1809600
A40: 노무비 | B40: 보통인부 | C40: 인 | D40: 4 | F40: =D40*E40 -> 0 | G40: 159400 | H40: =D40*G40 -> 637600 | K40: =E40+G40+I40 -> 159400 | L40: =F40+H40+J40 -> 637600
A41: 공구손료 | B41: 노무비의 3% | C41: 식 | D41: 1 | E41: =TRUNC(SUM(H29:H40)*0.03,0) -> 126525 | F41: =D41*E41 -> 126525 | K41: =E41+G41+I41 -> 126525 | L41: =F41+H41+J41 -> 126525
A49: 합 계 | F49: =SUM(F29:F48) -> 6881425 | H49: =SUM(H29:H48) -> 4217500 | L49: =SUM(L29:L48) -> 11098925
A50: 0203 급수급탕배관공사
A51: STS배관(프레스식) | B51: D13 | C51: M | D51: 128 | E51: 1900 | F51: =D51*E51 -> 243200 | H51: =D51*G51 -> 0 | K51: =E51+G51+I51 -> 1900 | L51: =F51+H51+J51 -> 243200
A52: STS배관(프레스식) | B52: D20 | C52: M | D52: 181 | E52: 3200 | F52: =D52*E52 -> 579200 | H52: =D52*G52 -> 0 | K52: =E52+G52+I52 -> 3200 | L52: =F52+H52+J52 -> 579200
A53: STS배관(프레스식) | B53: D25 | C53: M | D53: 35 | E53: 4100 | F53: =D53*E53 -> 143500 | H53: =D53*G53 -> 0 | K53: =E53+G53+I53 -> 4100 | L53: =F53+H53+J53 -> 143500
A54: STS배관(프레스식) | B54: D30 | C54: M | D54: 28 | E54: 5600 | F54: =D54*E54 -> 156800 | H54: =D54*G54 -> 0 | K54: =E54+G54+I54 -> 5600 | L54: =F54+H54+J54 -> 156800
A55: 잡자재비 | B55: 관의3% | C55: 식 | D55: 1 | E55: =TRUNC(SUM(F51:F54)*0.03,0) -> 33681 | F55: =D55*E55 -> 33681 | H55: =D55*G55 -> 0 | K55: =E55+G55+I55 -> 33681 | L55: =F55+H55+J55 -> 33681
A56: 관보온(발포폴리에틸렌보온통) | B56: 25t × ø 15 | C56: m | D56: 122 | E56: 3100 | F56: =D56*E56 -> 378200 | G56: 3500 | H56: =D56*G56 -> 427000 | K56: =E56+G56+I56 -> 6600 | L56: =F56+H56+J56 -> 805200
A57: 관보온(발포폴리에틸렌보온통) | B57: 25t × ø 20 | C57: m | D57: 181 | E57: 3400 | F57: =D57*E57 -> 615400 | G57: 4100 | H57: =D57*G57 -> 742100 | K57: =E57+G57+I57 -> 7500 | L57: =F57+H57+J57 -> 1357500
A58: 관보온(발포폴리에틸렌보온통) | B58: 25t × ø 25 | C58: m | D58: 31 | E58: 3600 | F58: =D58*E58 -> 111600 | G58: 4500 | H58: =D58*G58 -> 139500 | K58: =E58+G58+I58 -> 8100 | L58: =F58+H58+J58 -> 251100
A59: 관보온(발포폴리에틸렌보온통) | B59: 25t × ø 32 | C59: m | D59: 25 | E59: 4000 | F59: =D59*E59 -> 100000 | G59: 5200 | H59: =D59*G59 -> 130000 | K59: =E59+G59+I59 -> 9200 | L59: =F59+H59+J59 -> 230000
A60: STS엘보(SR) | B60: D13 | C60: EA | D60: 125 | E60: 1800 | F60: =D60*E60 -> 225000 | H60: =D60*G60 -> 0 | K60: =E60+G60+I60 -> 1800 | L60: =F60+H60+J60 -> 225000
A61: STS엘보(SR) | B61: D20 | C61: EA | D61: 86 | E61: 2600 | F61: =D61*E61 -> 223600 | H61: =D61*G61 -> 0 | K61: =E61+G61+I61 -> 2600 | L61: =F61+H61+J61 -> 223600
A62: STS엘보(SR) | B62: D25 | C62: EA | D62: 8 | E62: 3200 | F62: =D62*E62 -> 25600 | H62: =D62*G62 -> 0 | K62: =E62+G62+I62 -> 3200 | L62: =F62+H62+J62 -> 25600
A63: STS티이(SR) | B63: D20 | C63: EA | D63: 25 | E63: 5800 | F63: =D63*E63 -> 145000 | H63: =D63*G63 -> 0 | K63: =E63+G63+I63 -> 5800 | L63: =F63+H63+J63 -> 145000
A64: STS티이(SR) | B64: D25 | C64: EA | D64: 12 | E64: 7200 | F64: =D64*E64 -> 86400 | H64: =D64*G64 -> 0 | K64: =E64+G64+I64 -> 7200 | L64: =F64+H64+J64 -> 86400
A65: STS티이(SR) | B65: D30 | C65: EA | D65: 6 | E65: 8700 | F65: =D65*E65 -> 52200 | H65: =D65*G65 -> 0 | K65: =E65+G65+I65 -> 8700 | L65: =F65+H65+J65 -> 52200
A66: STS레듀샤(SR) | B66: D20 | C66: EA | D66: 4 | E66: 3900 | F66: =D66*E66 -> 15600 | H66: =D66*G66 -> 0 | K66: =E66+G66+I66 -> 3900 | L66: =F66+H66+J66 -> 15600
A67: STS레듀샤(SR) | B67: D25 | C67: EA | D67: 1 | E67: 4300 | F67: =D67*E67 -> 4300 | H67: =D67*G67 -> 0 | K67: =E67+G67+I67 -> 4300 | L67: =F67+H67+J67 -> 4300
A68: STS레듀샤(SR) | B68: D30 | C68: EA | D68: 1 | E68: 5400 | F68: =D68*E68 -> 5400 | H68: =D68*G68 -> 0 | K68: =E68+G68+I68 -> 5400 | L68: =F68+H68+J68 -> 5400
A69: STS소켓(SR) | B69: D20 | C69: EA | D69: 1 | E69: 1800 | F69: =D69*E69 -> 1800 | H69: =D69*G69 -> 0 | K69: =E69+G69+I69 -> 1800 | L69: =F69+H69+J69 -> 1800
A70: STS캡(SR) | B70: D13 | C70: EA | D70: 22 | E70: 1300 | F70: =D70*E70 -> 28600 | H70: =D70*G70 -> 0 | K70: =E70+G70+I70 -> 1300 | L70: =F70+H70+J70 -> 28600
A71: STS캡(SR) | B71: D20 | C71: EA | D71: 2 | E71: 1700 | F71: =D71*E71 -> 3400 | H71: =D71*G71 -> 0 | K71: =E71+G71+I71 -> 1700 | L71: =F71+H71+J71 -> 3400
... A99: 내화충진재 PVC(벽체) | B99: D25 | C99: EA | D99: 13 | E99: 10000 | F99: =D99*E99 -> 130000 | H99: =D99*G99 -> 0 | K99: =E99+G99+I99 -> 10000 | L99: =F99+H99+J99 -> 130000
A100: 터파기(보통토사) | B100: 1 - 2 m | C100: ㎥ | D100: 10.4 | F100: =D100*E100 -> 0 | G100: 2100 | H100: =D100*G100 -> 21840 | I100: 2500 | J100: =I100*D100 -> 26000 | K100: =E100+G100+I100 -> 4600 | L100: =F100+H100+J100 -> 47840
A101: 되메우기 | C101: ㎥ | D101: 8 | F101: =D101*E101 -> 0 | G101: 2500 | H101: =D101*G101 -> 20000 | I101: 1700 | J101: =I101*D101 -> 13600 | K101: =E101+G101+I101 -> 4200 | L101: =F101+H101+J101 -> 33600
A102: 잔토처리 | C102: ㎥ | D102: 2.4 | F102: =D102*E102 -> 0 | H102: =D102*G102 -> 0 | I102: 8300 | J102: =I102*D102 -> 19920 | K102: =E102+G102+I102 -> 8300 | L102: =F102+H102+J102 -> 19920
A103: 모래부설 | C103: ㎥ | D103: 2.4 | E103: 58300 | F103: =D103*E103 -> 139920 | G103: 6700 | H103: =D103*G103 -> 16080 | K103: =E103+G103+I103 -> 65000 | L103: =F103+H103+J103 -> 156000
A104: 노무비 | B104: 배관공 | C104: 인 | D104: 16 | F104: =D104*E104 -> 0 | G104: 226200 | H104: =D104*G104 -> 3619200 | K104: =E104+G104+I104 -> 226200 | L104: =F104+H104+J104 -> 3619200
A105: 노무비 | B105: 보통인부 | C105: 인 | D105: 12 | F105: =D105*E105 -> 0 | G105: 159400 | H105: =D105*G105 -> 1912800 | K105: =E105+G105+I105 -> 159400 | L105: =F105+H105+J105 -> 1912800
A106: 공구손료 | B106: 노무비의3% | C106: 식 | D106: 1 | E106: =TRUNC(SUM(H51:H105)*0.03,0) -> 210855 | F106: =D106*E106 -> 210855 | H106: =D106*G106 -> 0 | K106: =E106+G106+I106 -> 210855 | L106: =F106+H106+J106 -> 210855
F108: =E108*D108 -> 0 | H108: =G108*D108 -> 0 | I108: 0 | J108: 0 | K108: =E108+G108+I108 -> 0 | L108: =K108*D108 -> 0 | AE108: 01010502528322E51EDB869685648B85B9F10E | AF108: 264 | AS108: 1973 | AT108: 11256 | AW108: =TRUNC(#REF!*#REF!)+TRUNC(#REF!*#REF!)+TRUNC(#REF!*#REF!) -> #REF! | BB108: 1973 | BC108: 11256 | BF108: =TRUNC(D108*E108)+TRUNC(D108*G108)+TRUNC(D108*I108) -> 0
F109: =E109*D109 -> 0 | H109: =G109*D109 -> 0 | I109: 0 | J109: 0 | K109: =E109+G109+I109 -> 0 | L109: =K109*D109 -> 0 | AE109: 01010502528322E51EDB85F1C9F38E43076406 | AF109: 265 | AS109: 3200 | AT109: 14793 | AW109: =TRUNC(#REF!*#REF!)+TRUNC(#REF!*#REF!)+TRUNC(#REF!*#REF!) -> #REF! | BB109: 3200 | BC109: 14793 | BF109: =TRUNC(D109*E109)+TRUNC(D109*G109)+TRUNC(D109*I109) -> 0
F110: =E110*D110 -> 0 | H110: =G110*D110 -> 0 | I110: 0 | J110: 0 | K110: =E110+G110+I110 -> 0 | L110: =K110*D110 -> 0 | AE110: 01010502528322E51EDB84EBFEC18195AB8205 | AF110: 266 | AS110: 3990 | AT110: 17684 | AW110: =TRUNC(#REF!*#REF!)+TRUNC(#REF!*#REF!)+TRUNC(#REF!*#REF!) -> #REF! | BB110: 3990 | BC110: 17684 | BF110: =TRUNC(D110*E110)+TRUNC(D110*G110)+TRUNC(D110*I110) -> 0
F111: =E111*D111 -> 0 | H111: =G111*D111 -> 0 | I111: 0 | J111: 0 | K111: =E111+G111+I111 -> 0 | L111: =K111*D111 -> 0 | AE111: 01010502528322E51EDB83C226258CC078A70E | AF111: 267 | AS111: 5595 | AT111: 22105 | AW111: =TRUNC(#REF!*#REF!)+TRUNC(#REF!*#REF!)+TRUNC(#REF!*#REF!) -> #REF! | BB111: 5595 | BC111: 22105 | BF111: =TRUNC(D111*E111)+TRUNC(D111*G111)+TRUNC(D111*I111) -> 0
F112: =E112*D112 -> 0 | H112: =G112*D112 -> 0 | I112: 0 | J112: 0 | K112: =E112+G112+I112 -> 0 | L112: =K112*D112 -> 0 | AE112: 01010502528322E51EDB823D431B8384885006 | AF112: 268 | AS112: 6815 | AT112: 25404 | AW112: =TRUNC(#REF!*#REF!)+TRUNC(#REF!*#REF!)+TRUNC(#REF!*#REF!) -> #REF! | BB112: 6815 | BC112: 25404 | BF112: =TRUNC(D112*E112)+TRUNC(D112*G112)+TRUNC(D112*I112) -> 0
F113: =E113*D113 -> 0 | H113: =G113*D113 -> 0 | I113: 0 | J113: 0 | K113: =E113+G113+I113 -> 0 | L113: =K113*D113 -> 0 | AE113: 01010502528342350E9488269B158FFBC3310C | AF113: 273 | AS113: 379 | AT113: 4777 | AW113: =TRUNC(#REF!*#REF!)+TRUNC(#REF!*#REF!)+TRUNC(#REF!*#REF!) -> #REF! | BB113: 379 | BC113: 4777 | BF113: =TRUNC(D113*E113)+TRUNC(D113*G113)+TRUNC(D113*I113) -> 0
F114: =E114*D114 -> 0 | H114: =G114*D114 -> 0 | I114: 0 | J114: 0 | K114: =E114+G114+I114 -> 0 | L114: =K114*D114 -> 0 | AE114: 01010502528342350E948AE83DE980C2755B04 | AF114: 275 | AS114: 485 | AT114: 6186 | AW114: =TRUNC(#REF!*#REF!)+TRUNC(#REF!*#REF!)+TRUNC(#REF!*#REF!) -> #REF! | BB114: 485 | BC114: 6186 | BF114: =TRUNC(D114*E114)+TRUNC(D114*G114)+TRUNC(D114*I114) -> 0
A115: 합 계 | F115: =SUM(F51:F114) -> 4825056 | H115: =SUM(H51:H114) -> 7028520 | L115: =SUM(L51:L114) -> 11913096
A116: 0204 오배수 및 환기배관공사
A117: PVC배관(VG1)DRF | B117: D50 | C117: M | D117: 139 | E117: 3900 | F117: =D117*E117 -> 542100 | H117: =D117*G117 -> 0 | K117: =E117+G117+I117 -> 3900 | L117: =F117+H117+J117 -> 542100
A118: PVC배관(VG1)DRF | B118: D75 | C118: M | D118: 62 | E118: 6900 | F118: =D118*E118 -> 427800 | K118: =E118+G118+I118 -> 6900 | L118: =F118+H118+J118 -> 427800
A119: PVC배관(VG1)DRF | B119: D100 | C119: M | D119: 198 | E119: 11400 | F119: =D119*E119 -> 2257200 | H119: =D119*G119 -> 0 | K119: =E119+G119+I119 -> 11400 | L119: =F119+H119+J119 -> 2257200
A120: PVC배관(VG2)DTS | B120: D100 | C120: M | D120: 45 | E120: 6200 | F120: =D120*E120 -> 279000 | H120: =D120*G120 -> 0 | K120: =E120+G120+I120 -> 6200 | L120: =F120+H120+J120 -> 279000
A121: 잡자재비 | B121: 관의3% | C121: 식 | D121: 1 | E121: =TRUNC(SUM(F117:F120)*0.03,0) -> 105183 | F121: =D121*E121 -> 105183 | H121: =D121*G121 -> 0 | K121: =E121+G121+I121 -> 105183 | L121: =F121+H121+J121 -> 105183
A122: PVC엘보 90도(DTS) | B122: D100 | C122: EA | D122: 18 | E122: 2300 | F122: =D122*E122 -> 41400 | H122: =D122*G122 -> 0 | K122: =E122+G122+I122 -> 2300 | L122: =F122+H122+J122 -> 41400
A123: PVC엘보 45도(DTS) | B123: D50 | C123: EA | D123: 2 | E123: 900 | F123: =D123*E123 -> 1800 | H123: =D123*G123 -> 0 | K123: =E123+G123+I123 -> 900 | L123: =F123+H123+J123 -> 1800
A124: PVC Y (DTS) | B124: 100*50 | C124: EA | D124: 2 | E124: 2700 | F124: =D124*E124 -> 5400 | H124: =D124*G124 -> 0 | K124: =E124+G124+I124 -> 2700 | L124: =F124+H124+J124 -> 5400
A125: PVC DT (DTS) | B125: 100*50 | C125: EA | D125: 2 | E125: 2500 | F125: =D125*E125 -> 5000 | H125: =D125*G125 -> 0 | K125: =E125+G125+I125 -> 2500 | L125: =F125+H125+J125 -> 5000
A126: PVC 소켓 (DTS) | B126: 100 | C126: EA | D126: 5 | E126: 1300 | F126: =D126*E126 -> 6500 | H126: =D126*G126 -> 0 | K126: =E126+G126+I126 -> 1300 | L126: =F126+H126+J126 -> 6500
A127: PVC엘보 90도(DRF) | B127: D50 | C127: EA | D127: 4 | E127: 1900 | F127: =D127*E127 -> 7600 | H127: =D127*G127 -> 0 | K127: =E127+G127+I127 -> 1900 | L127: =F127+H127+J127 -> 7600
A128: PVC엘보 90도(DRF) | B128: D100 | C128: EA | D128: 26 | E128: 6600 | F128: =D128*E128 -> 171600 | H128: =D128*G128 -> 0 | K128: =E128+G128+I128 -> 6600 | L128: =F128+H128+J128 -> 171600
A129: PVC엘보 45도(DRF) | B129: D50 | C129: EA | D129: 32 | E129: 1900 | F129: =D129*E129 -> 60800 | H129: =D129*G129 -> 0 | K129: =E129+G129+I129 -> 1900 | L129: =F129+H129+J129 -> 60800
A130: PVC엘보 45도(DRF) | B130: D100 | C130: EA | D130: 5 | E130: 6600 | F130: =D130*E130 -> 33000 | H130: =D130*G130 -> 0 | K130: =E130+G130+I130 -> 6600 | L130: =F130+H130+J130 -> 33000
A131: PVC LT (DRF) | B131: D50 | C131: EA | D131: 20 | E131: 3600 | F131: =D131*E131 -> 72000 | H131: =D131*G131 -> 0 | K131: =E131+G131+I131 -> 3600 | L131: =F131+H131+J131 -> 72000
A132: PVC LT (DRF) | B132: D100 | C132: EA | D132: 8 | E132: 10100 | F132: =D132*E132 -> 80800 | H132: =D132*G132 -> 0 | K132: =E132+G132+I132 -> 10100 | L132: =F132+H132+J132 -> 80800
A133: PVC CLT (DRF) | B133: D50 | C133: EA | D133: 15 | E133: 2900 | F133: =D133*E133 -> 43500 | H133: =D133*G133 -> 0 | K133: =E133+G133+I133 -> 2900 | L133: =F133+H133+J133 -> 43500
A134: PVC CLT (DRF) | B134: D100 | C134: EA | D134: 8 | E134: 7500 | F134: =D134*E134 -> 60000 | H134: =D134*G134 -> 0 | K134: =E134+G134+I134 -> 7500 | L134: =F134+H134+J134 -> 60000
A135: PVC CLT (DRF) | B135: D125 | C135: EA | D135: 4 | E135: 11700 | F135: =D135*E135 -> 46800 | H135: =D135*G135 -> 0 | K135: =E135+G135+I135 -> 11700 | L135: =F135+H135+J135 -> 46800
A136: PVC P트랩 (DRF) | B136: D50 | C136: EA | D136: 21 | E136: 6200 | F136: =D136*E136 -> 130200 | H136: =D136*G136 -> 0 | K136: =E136+G136+I136 -> 6200 | L136: =F136+H136+J136 -> 130200
A137: VTR | B137: D100 | C137: EA | D137: 1 | E137: 33500 | F137: =D137*E137 -> 33500 | H137: =D137*G137 -> 0 | K137: =E137+G137+I137 -> 33500 | L137: =F137+H137+J137 -> 33500
A138: 바닥배수구 설치 | B138: D50 | C138: EA | D138: 12 | E138: 19200 | F138: =D138*E138 -> 230400 | H138: =D138*G138 -> 0 | K138: =E138+G138+I138 -> 19200 | L138: =F138+H138+J138 -> 230400
... A157: 내화충진재 PVC(벽체) | B157: D100 | C157: EA | D157: 7 | E157: 23900 | F157: =D157*E157 -> 167300 | H157: =D157*G157 -> 0 | K157: =E157+G157+I157 -> 23900 | L157: =F157+H157+J157 -> 167300
A158: 인써트플레이트 | B158: 200 × 200 | C158: 개소 | D158: 4 | E158: 3600 | F158: =D158*E158 -> 14400 | G158: 15600 | H158: =D158*G158 -> 62400 | K158: =E158+G158+I158 -> 19200 | L158: =F158+H158+J158 -> 76800
A159: ㄱ자형강 | B159: 50*50*6 | C159: KG | D159: 44.3 | E159: 1400 | F159: =D159*E159 -> 62020 | H159: =D159*G159 -> 0 | K159: =E159+G159+I159 -> 1400 | L159: =F159+H159+J159 -> 62020
A160: 잡철물 제작 설치 | B160: 현장제작설치 | C160: Ton | D160: 0.5 | E160: 201300 | F160: =D160*E160 -> 100650 | G160: 2406500 | H160: =D160*G160 -> 1203250 | K160: =E160+G160+I160 -> 2607800 | L160: =F160+H160+J160 -> 1303900
A161: 녹막이 페인트 칠 | B161: 2 회 | C161: ㎡ | D161: 4 | E161: 1700 | F161: =D161*E161 -> 6800 | G161: 9500 | H161: =D161*G161 -> 38000 | K161: =E161+G161+I161 -> 11200 | L161: =F161+H161+J161 -> 44800
A162: 유성 페인트 칠 | B162: 2 회 | C162: ㎡ | D162: 4 | E162: 1900 | F162: =D162*E162 -> 7600 | G162: 7100 | H162: =D162*G162 -> 28400 | K162: =E162+G162+I162 -> 9000 | L162: =F162+H162+J162 -> 36000
A163: 노무비 | B163: 배관공 | C163: 인 | D163: 18 | F163: =D163*E163 -> 0 | G163: 226200 | H163: =D163*G163 -> 4071600 | K163: =E163+G163+I163 -> 226200 | L163: =F163+H163+J163 -> 4071600
A164: 노무비 | B164: 보통인부 | C164: 인 | D164: 12 | F164: =D164*E164 -> 0 | G164: 159400 | H164: =D164*G164 -> 1912800 | K164: =E164+G164+I164 -> 159400 | L164: =F164+H164+J164 -> 1912800
...

Sheet 전기총괄표
A1: [ 은평구역촌동36-9,증축및대수선공사 ]
A2: 공 종 명 | C2: 단위 | D2: 수량 | E2: 재료비 | I2: 경비 | K2: 계 | L2: 비고
E3: 단가 | F3: 금액 | G3: 단가 | H3: 금액 | I3: 단가 | J3: 금액
A4: [ 집 계 표 ]
A5: 3.전기공사
A6: 1.전력간선설비공사 | C6: 식 | D6: 1 | E6: =전기내역서!F66 -> 10895762 | F6: =D6*E6 -> 10895762 | G6: =전기내역서!H66 -> 4917220 | H6: =D6*G6 -> 4917220 | J6: =D6*I6 -> 0 | K6: =SUM(F6,H6,J6) -> 15812982
A7: 2.전등설비공사 | C7: 식 | D7: 1 | E7: =전기내역서!F108 -> 5030504 | F7: =D7*E7 -> 5030504 | G7: =전기내역서!H108 -> 8457330 | H7: =D7*G7 -> 8457330 | J7: =D7*I7 -> 0 | K7: =SUM(F7,H7,J7) -> 13487834
A8: 3.전열설비공사 | C8: 식 | D8: 1 | E8: =전기내역서!F129 -> 2178960 | F8: =D8*E8 -> 2178960 | G8: =전기내역서!H129 -> 4974900 | H8: =D8*G8 -> 4974900 | J8: =D8*I8 -> 0 | K8: =SUM(F8,H8,J8) -> 7153860
A9: 4.냉난방설비공사 | C9: 식 | D9: 1 | E9: =전기내역서!F150 -> 787900 | F9: =D9*E9 -> 787900 | G9: =전기내역서!H150 -> 1989960 | H9: =D9*G9 -> 1989960 | K9: =SUM(F9,H9,J9) -> 2777860
A10: ( 소 계 ) | F10: =SUM(F6:F9) -> 18893126 | H10: =SUM(H6:H9) -> 20339410 | K10: =SUM(K6:K9) -> 39232536
A11: 3-2.통신공사
A12: 1.정보통신 간선설비공사 | C12: 1 | D12: 식 | E12: =전기내역서!F192 -> 6975148 | F12: =C12*E12 -> 6975148 | G12: =전기내역서!H192 -> 6434822 | H12: =C12*G12 -> 6434822 | K12: =F12+H12 -> 13409970
A13: 2.정보통신 설비공사 | C13: 1 | D13: 식 | E13: =전기내역서!F213 -> 721994 | F13: =C13*E13 -> 721994 | G13: =전기내역서!H213 -> 6129118 | H13: =C13*G13 -> 6129118 | K13: =F13+H13 -> 6851112
A14: ( 소 계 ) | F14: =SUM(F12:F13) -> 7697142 | H14: =SUM(H12:H13) -> 12563940 | K14: =SUM(K12:K13) -> 20261082
A15: 3.-3소방공사
A16: 1.자동화재탐지설비공사 | C16: 1 | D16: 식 | E16: =전기내역서!F255 -> 5981169 | F16: =C16*E16 -> 5981169 | G16: =전기내역서!H255 -> 5472390 | H16: =C16*G16 -> 5472390 | K16: =F16+H16 -> 11453559
A17: 2.유도등설비공사 | C17: 1 | D17: 식 | E17: =전기내역서!F276 -> 936800 | F17: =C17*E17 -> 936800 | G17: =전기내역서!H276 -> 1989960 | H17: =C17*G17 -> 1989960 | K17: =F17+H17 -> 2926760
A18: ( 소 계 ) | F18: =SUM(F16:F17) -> 6917969 | H18: =SUM(H16:H17) -> 7462350 | K18: =SUM(K16:K17) -> 14380319
A20: 합 계 | F20: =+F18+F14+F10 -> 33508237 | H20: =+H18+H14+H10 -> 40365700 | K20: =+K18+K14+K10 -> 73873937

Sheet 전기내역서
A1: [ 은평구역촌동36-9,증축및대수선공사 ]
A2: 명 칭 | B2: 규 격 | C2: 단위 | D2: 수량 | E2: 재료비 | G2: 노무비 | I2: 경비 | K2: 계 | L2: 비고
E3: 단가 | F3: 금액 | G3: 단가 | H3: 금액 | I3: 단가 | J3: 금액
A4: 3.전기공사::1-1,전력간선설비공사
A5: 파상형 폴리에틸렌 전선관 | B5: 50㎜ | C5: m | D5: 40 | E5: 1800 | F5: =D5*E5 -> 72000 | K5: =F5 -> 72000
A6: 경질비닐전선관 | B6: HI 28 mm | C6: m | D6: 46 | E6: 1100 | F6: =D6*E6 -> 50600 | K6: =F6 -> 50600
A7: 경질비닐전선관 | B7: HI 36 mm | C7: m | D7: 42 | E7: 1400 | F7: =D7*E7 -> 58800 | K7: =F7 -> 58800
A8: 경질비닐전선관 | B8: HI 42 mm | C8: m | D8: 68 | E8: 1500 | F8: =D8*E8 -> 102000 | K8: =F8 -> 102000
A9: 경질비닐전선관 | B9: HI 54 mm | C9: m | D9: 36 | E9: 1700 | F9: =D9*E9 -> 61200 | K9: =F9 -> 61200
A10: 후렉시블전선관 | B10: GW 28mm | C10: m | D10: 8 | E10: 1800 | F10: =D10*E10 -> 14400 | K10: =F10 -> 14400
A11: 후렉시블전선관 | B11: GW 36mm | C11: m | D11: 8 | E11: 2700 | F11: =D11*E11 -> 21600 | K11: =F11 -> 21600
A12: 후렉시블전선관 | B12: GW 54mm | C12: m | D12: 12 | E12: 4800 | F12: =D12*E12 -> 57600 | K12: =F12 -> 57600
A13: 경질비닐전선관용 부품 | B13: 노말밴드, 28 mm | C13: 개 | D13: 4 | E13: 400 | F13: =D13*E13 -> 1600 | K13: =F13 -> 1600
A14: 경질비닐전선관용 부품 | B14: 노말밴드, 36 mm | C14: 개 | D14: 6 | E14: 600 | F14: =D14*E14 -> 3600 | K14: =F14 -> 3600
A15: 경질비닐전선관용 부품 | B15: 노말밴드, 42 mm | C15: 개 | D15: 8 | E15: 800 | F15: =D15*E15 -> 6400 | K15: =F15 -> 6400
A16: 경질비닐전선관용 부품 | B16: 노말밴드, 54 mm | C16: 개 | D16: 4 | E16: 1400 | F16: =D16*E16 -> 5600 | K16: =F16 -> 5600
... A45: 분전반 | B45: P-E/V | C45: 면 | D45: 1 | E45: 499600 | F45: =D45*E45 -> 499600 | K45: =F45 -> 499600
A46: 계량기함 | C46: 면 | D46: 1 | E46: 249800 | F46: =D46*E46 -> 249800 | K46: =F46 -> 249800
A47: 맨홀 | B47: 1000X1000X1000 | C47: 개 | D47: 1 | E47: 349700 | F47: =D47*E47 -> 349700 | K47: =F47 -> 349700
A48: [ 소모 잡자재 ] | B48: 전선, 전선관의 2 % | C48: 식 | D48: 1 | E48: =TRUNC(SUM(F5:F12,F20:F31)*0.02,0) -> 66962 | F48: =D48*E48 -> 66962 | K48: =F48 -> 66962
A49: 노 무 비 | B49: 내선전공 | C49: 인 | D49: 14 | G49: 241500 | H49: =D49*G49 -> 3381000 | K49: =SUM(H49) -> 3381000
A50: 노 무 비 | B50: 저압케이블공 | C50: 인 | D50: 5 | G50: 278600 | H50: =D50*G50 -> 1393000 | K50: =SUM(H50) -> 1393000
A51: [ 공 구 손 료 ] | B51: 노무비의 3 % | C51: 식 | D51: 1 | G51: =TRUNC(SUM(H49:H50)*0.03,0) -> 143220 | H51: =D51*G51 -> 143220 | K51: =SUM(H51) -> 143220
A66: ( 합 계 ) | F66: =SUM(F5:F65) -> 10895762 | H66: =SUM(H49:H65) -> 4917220 | K66: =SUM(K5:K65) -> 15812982
A67: 3.전기공사::1-2,전등설비공사
A68: 합성수지비닐전선관 | B68: CD 16 mm (난연성) | C68: m | D68: 1069 | E68: 100 | F68: =D68*E68 -> 106900 | K68: =F68 -> 106900
A69: 합성수지제 가요전선관 | B69: CD-난연성 22㎜ | C69: m | D69: 224 | E69: 300 | F69: =D69*E69 -> 67200 | K69: =F69 -> 67200
A70: 1종금속제가요전선관 | B70: 16 mm 일반-비방수 | C70: m | D70: 183 | E70: 400 | F70: =D70*E70 -> 73200 | K70: =F70 -> 73200
A71: 1종금속제가요전선관 | B71: 커넥터, 16 mm 일반-비방수 | C71: 개 | D71: 183 | E71: 300 | F71: =D71*E71 -> 54900 | K71: =F71 -> 54900
A72: 아우트렛박스 | B72: 8각 54㎜ | C72: 개 | D72: 152 | E72: 800 | F72: =D72*E72 -> 121600 | K72: =F72 -> 121600
A73: 아우트렛박스 | B73: 중형4각 54㎜ | C73: 개 | D73: 26 | E73: 1100 | F73: =D73*E73 -> 28600 | K73: =F73 -> 28600
A74: 스위치박스 | B74: 1 개용 54 mm | C74: 개 | D74: 26 | E74: 700 | F74: =D74*E74 -> 18200 | K74: =F74 -> 18200
A75: 스위치박스 | B75: 2 개용 54 mm | C75: 개 | D75: 12 | E75: 900 | F75: =D75*E75 -> 10800 | K75: =F75 -> 10800
A76: 아우트렛박스 커버 | B76: 커버, 8각, 평형 | C76: 개 | D76: 152 | E76: 400 | F76: =D76*E76 -> 60800 | K76: =F76 -> 60800
A77: 아우트렛박스 커버 | B77: 커버, 4각, 평형 | C77: 개 | D77: 12 | E77: 400 | F77: =D77*E77 -> 4800 | K77: =F77 -> 4800
A78: 450/750V 내열비닐절연전선 | B78: HFIX 1.78mm(2.5㎟) | C78: m | D78: 4476 | E78: 500 | F78: =D78*E78 -> 2238000 | K78: =F78 -> 2238000
A79: 스위치 | B79: 매입형 1로1구 | C79: 개 | D79: 8 | E79: 1700 | F79: =D79*E79 -> 13600 | K79: =F79 -> 13600
... A85: 콘센트 | B85: 노출접지형 1구 | C85: 개 | D85: 8 | E85: 1500 | F85: =D85*E85 -> 12000 | K85: =F85 -> 12000
A86: 와이어콘넥타 | C86: 개 | D86: 500 | E86: 100 | F86: =D86*E86 -> 50000 | K86: =F86 -> 50000
A87: 조명기구"A"TYPE | B87: LED50W 평판슬림매입등 | C87: 개 | D87: 52 | E87: 23300 | F87: =D87*E87 -> 1211600 | K87: =F87 -> 1211600
A88: 조명기구"B"TYPE | B88: LED15W 원형직부등 | C88: 개 | D88: 5 | E88: 7500 | F88: =D88*E88 -> 37500 | K88: =F88 -> 37500
A89: 조명기구"C"TYPE | B89: LED15W 원형센서직부등 | C89: 개 | D89: 16 | E89: 10800 | F89: =D89*E89 -> 172800 | K89: =F89 -> 172800
A90: 조명기구"D"TYPE | B90: LED40W 주방직부등 | C90: 개 | D90: 2 | E90: 18300 | F90: =D90*E90 -> 36600 | K90: =F90 -> 36600
A91: 조명기구"E"TYPE | B91: LED15W 다운라이트등 | C91: 개 | D91: 66 | E91: 5800 | F91: =D91*E91 -> 382800 | K91: =F91 -> 382800
A92: 조명기구"F"TYPE | B92: LED50W 방등 | C92: 개 | D92: 3 | E92: 25000 | F92: =D92*E92 -> 75000 | K92: =F92 -> 75000
A93: 조명기구"G"TYPE | B93: 실링펜조명(스텔라무소음) | C93: 개 | D93: 1 | E93: 133200 | F93: =D93*E93 -> 133200 | K93: =F93 -> 133200
A94: [ 소모 잡자재 ] | B94: 전선, 전선관의 2 % | C94: 식 | D94: 1 | E94: =TRUNC(SUM(F68:F71,F78)*0.02,0) -> 50804 | F94: =D94*E94 -> 50804 | K94: =F94 -> 50804
A95: 노 무 비 | B95: 내선전공 | C95: 인 | D95: 34 | G95: 241500 | H95: =D95*G95 -> 8211000 | K95: =H95 -> 8211000
A96: [ 공 구 손 료 ] | B96: 노무비의 3 % | C96: 식 | D96: 1 | G96: =TRUNC(SUM(H95)*0.03,0) -> 246330 | H96: =D96*G96 -> 246330 | K96: =H96 -> 246330
A108: ( 합 계 ) | F108: =SUM(F68:F107) -> 5030504 | H108: =SUM(H95:H107) -> 8457330 | K108: =SUM(K68:K107) -> 13487834
A109: 3.전기공사::1-3,전열설비공사
A110: 합성수지비닐전선관 | B110: CD 16 mm | C110: m | D110: 980 | E110: 100 | F110: =D110*E110 -> 98000 | K110: =F110 -> 98000
A111: 합성수지비닐전선관 | B111: CD 28 mm | C111: m | D111: 200 | E111: 300 | F111: =D111*E111 -> 60000 | K111: =F111 -> 60000
A112: 아우트렛박스 | B112: 중형4각 54㎜ | C112: 개 | D112: 126 | E112: 1100 | F112: =D112*E112 -> 138600 | K112: =F112 -> 138600
A113: 스위치박스(승압용) | B113: 1 개용 54 mm | C113: 개 | D113: 38 | E113: 700 | F113: =D113*E113 -> 26600 | K113: =F113 -> 26600
A114: 풀박스 | B114: 200 ⅹ 200 ⅹ 100 | C114: 개 | D114: 20 | E114: 5400 | F114: =D114*E114 -> 108000 | K114: =F114 -> 108000
A115: 450/750V 내열비닐절연전선 | B115: HFIX 1.78mm(2.5㎟) | C115: m | D115: 2940 | E115: 500 | F115: =D115*E115 -> 1470000 | K115: =F115 -> 1470000
A116: 콘센트 | B116: 매입-접지형, 250V 4구 | C116: 개 | D116: 6 | E116: 3700 | F116: =D116*E116 -> 22200 | K116: =F116 -> 22200
A117: 콘센트 | B117: 매입-접지형, 250V 2구 | C117: 개 | D117: 56 | E117: 1900 | F117: =D117*E117 -> 106400 | K117: =F117 -> 106400
A118: 콘센트 | B118: 매입-접지형, 250V 2구(방우형) | C118: 개 | D118: 14 | E118: 4600 | F118: =D118*E118 -> 64400 | K118: =F118 -> 64400
A119: 와이어콘넥터 | B119: 6 ㎟ x 2가닥 | C119: 개 | D119: 522 | E119: 100 | F119: =D119*E119 -> 52200 | K119: =F119 -> 52200
A120: [ 소모 잡자재 ] | B120: 전선, 전선관의 2 % | C120: 식 | D120: 1 | E120: =TRUNC(SUM(F110:F111,F115)*0.02,0) -> 32560 | F120: =D120*E120 -> 32560 | K120: =F120 -> 32560
A121: 노 무 비 | B121: 내선전공 | C121: 인 | D121: 20 | G121: 241500 | H121: =D121*G121 -> 4830000 | K121: =H121 -> 4830000
A122: [ 공 구 손 료 ] | B122: 노무비의 3 % | C122: 식 | D122: 1 | G122: =TRUNC(SUM(H121)*0.03,0) -> 144900 | H122: =D122*G122 -> 144900 | K122: =H122 -> 144900
A129: ( 합 계 ) | F129: =SUM(F110:F128) -> 2178960 | H129: =SUM(H121:H128) -> 4974900 | K129: =SUM(K110:K128) -> 7153860
A130: 3.전기공사::1-4,냉난방설비공사
A131: 합성수지비닐전선관 | B131: CD 22 mm | C131: m | D131: 224 | E131: 300 | F131: =D131*E131 -> 67200 | K131: =F131+H131 -> 67200
A132: 합성수지비닐전선관 | B132: CD 28 mm | C132: m | D132: 20 | E132: 400 | F132: =D132*E132 -> 8000 | K132: =F132+H132 -> 8000
A133: 아우트렛박스 | B133: 중형4각 54㎜ | C133: 개 | D133: 10 | E133: 1100 | F133: =D133*E133 -> 11000 | K133: =F133+H133 -> 11000
A134: 450/750V 내열비닐절연전선 | B134: HFIX 2.25mm(4㎟) | C134: m | D134: 622 | E134: 900 | F134: =D134*E134 -> 559800 | K134: =F134+H134 -> 559800
A135: 접지용비닐절연전선(F-GV) | B135: 2.5㎟ | C135: m | D135: 10 | E135: 600 | F135: =D135*E135 -> 6000 | K135: =F135+H135 -> 6000
A136: 접지용비닐절연전선(F-GV) | B136: 4㎟ | C136: m | D136: 20 | E136: 800 | F136: =D136*E136 -> 16000 | K136: =F136+H136 -> 16000
A137: 폴리에틸렌 난연케이블 | B137: 0.6/1kv F-CV 2C×2.5㎟ | C137: m | D137: 10 | E137: 1400 | F137: =D137*E137 -> 14000 | K137: =F137+H137 -> 14000
A138: 폴리에틸렌 난연케이블 | B138: 0.6/1kv F-CV 4C×4㎟ | C138: m | D138: 20 | E138: 3200 | F138: =D138*E138 -> 64000 | K138: =F138+H138 -> 64000
A139: 콘센트 | B139: 매입-접지형, 250V 1구 | C139: 개 | D139: 10 | E139: 1500 | F139: =D139*E139 -> 15000 | K139: =F139+H139 -> 15000
A140: 와이어콘넥터 | B140: 6 ㎟ x 2가닥 | C140: 개 | D140: 122 | E140: 100 | F140: =D140*E140 -> 12200 | K140: =F140 -> 12200
A141: [ 소모 잡자재 ] | B141: 전선, 전선관의 2 % | C141: 식 | D141: 1 | E141: =TRUNC(SUM(F131:F132,F134:F138)*0.02,0) -> 14700 | F141: =D141*E141 -> 14700 | K141: =F141 -> 14700
A142: 노 무 비 | B142: 내선전공 | C142: 인 | D142: 8 | G142: 241500 | H142: =D142*G142 -> 1932000 | K142: =H142 -> 1932000
A143: [ 공 구 손 료 ] | B143: 노무비의 3 % | C143: 식 | D143: 1 | G143: =TRUNC(SUM(H142)*0.03,0) -> 57960 | H143: =D143*G143 -> 57960 | K143: =H143 -> 57960
A150: ( 합 계 ) | F150: =SUM(F131:F149) -> 787900 | H150: =SUM(H142:H149) -> 1989960 | K150: =SUM(K131:K149) -> 2777860
A151: 3-2.통신공사::2-1정보통신간선설비공사
A152: 합성수지비닐전선관 | B152: CD 16 mm (난연성) | C152: m | D152: 88 | E152: 200 | F152: =D152*E152 -> 17600 | K152: =F152 -> 17600
A153: 합성수지비닐전선관 | B153: CD 22 mm (난연성) | C153: m | D153: 44 | E153: 300 | F153: =D153*E153 -> 13200 | K153: =F153 -> 13200
A154: 합성수지비닐전선관 | B154: CD 28 mm (난연성) | C154: m | D154: 44 | E154: 300 | F154: =D154*E154 -> 13200 | K154: =F154 -> 13200
A155: 합성수지비닐전선관 | B155: CD 36 mm (난연성) | C155: m | D155: 132 | E155: 600 | F155: =D155*E155 -> 79200 | K155: =F155 -> 79200
A156: 경질비닐전선관 | B156: HI 36 mm | C156: m | D156: 20 | E156: 1400 | F156: =D156*E156 -> 28000 | K156: =F156 -> 28000
A157: 경질비닐전선관 | B157: HI 54 mm | C157: m | D157: 40 | E157: 1700 | F157: =D157*E157 -> 68000 | K157: =F157 -> 68000
A158: 경질비닐전선관용 부품 | B158: 노말밴드, 36 mm | C158: m | D158: 2 | E158: 600 | F158: =D158*E158 -> 1200 | K158: =F158 -> 1200
A159: 경질비닐전선관용 부품 | B159: 노말밴드, 54 mm | C159: 개 | D159: 4 | E159: 1400 | F159: =D159*E159 -> 5600 | K159: =F159 -> 5600
A160: 접지용비닐절연전선(F-GV) | B160: 4㎟ | C160: m | D160: 44 | E160: 800 | F160: =D160*E160 -> 35200 | K160: =F160 -> 35200
A161: 접지용비닐절연전선(F-GV) | B161: 10㎟ | C161: m | D161: 20 | E161: 1700 | F161: =D161*E161 -> 34000 | K161: =F161 -> 34000
A162: 450/750V 내열비닐절연전선 | B162: HFIX 1.78mm(2.5㎟) | C162: m | D162: 132 | E162: 500 | F162: =D162*E162 -> 66000 | K162: =F162 -> 66000
A163: UTP 케이블 | B163: Cat.6E 0.5mm 25P | C163: m | D163: 120 | E163: 3000 | F163: =D163*E163 -> 360000 | K163: =F163 -> 360000
... A169: 증폭기 | B169: CATV AMP | C169: 대 | D169: 4 | E169: 124900 | F169: =D169*E169 -> 499600 | K169: =F169 -> 499600
A170: 보호기 | C170: 개 | D170: 1 | E170: 12500 | F170: =D170*E170 -> 12500 | K170: =F170 -> 12500
A171: 광대역분배기 | B171: 양방향2분배기(54-2150MHZ) | C171: 개 | D171: 3 | E171: 3800 | F171: =D171*E171 -> 11400 | K171: =F171 -> 11400
A172: 광대역분배기 | B172: 양방향4분배기(54-2151MHZ) | C172: 개 | D172: 3 | E172: 5400 | F172: =D172*E172 -> 16200 | K172: =F172 -> 16200
A173: 광대역분배기 | B173: 양방향6분배기(54-2150MHZ) | C173: 개 | D173: 3 | E173: 9200 | F173: =D173*E173 -> 27600 | K173: =F173 -> 27600
A174: 광대역분배기 | B174: 양방향8분배기(54-2151MHZ) | C174: 개 | D174: 3 | E174: 12500 | F174: =D174*E174 -> 37500 | K174: =F174 -> 37500
A175: TV장치함(TV-M) | B175: 600x700x130 | C175: 면 | D175: 1 | E175: 486600 | F175: =D175*E175 -> 486600 | K175: =F175 -> 486600
...
